"id","name","lista"
"18745958-3","usuario1",1
"11412571-7","usuario2",2
"2619492-k","usuario3",3
"12984524-4","usuario4",4
"22775814-7","usuario5",5
"3204969-9","usuario6",6
"8959406-5","usuario7",7
"10080076-4","usuario8",8
"11056618-2","usuario9",9
"7856823-2","usuario10",10
"20475120-k","usuario11",11
"19595128-4","usuario12",12
"12807805-3","usuario13",13
"15798927-8","usuario14",14
"12780593-8","usuario15",15
"23870875-3","usuario16",16
"9330186-2","usuario17",17
"10117470-0","usuario18",18
"13242693-7","usuario19",19
"11243226-4","usuario20",20
"9577973-5","usuario21",21
"8192250-0","usuario22",22
"14259113-8","usuario23",23
"22525154-1","usuario24",24
"13252179-4","usuario25",25
"16219541-7","usuario26",26
"8453596-6","usuario27",27
"5209679-0","usuario28",28
"20500084-4","usuario29",29
"18038757-9","usuario30",30
"16888276-9","usuario31",31
"13276124-8","usuario32",32
"4451328-5","usuario33",33
"18507768-3","usuario34",34
"1260647-8","usuario35",35
"2227141-5","usuario36",36
"20712738-8","usuario37",37
"9220054-k","usuario38",38
"11307218-0","usuario39",39
"6769355-8","usuario40",40
"16076878-9","usuario41",41
"6782337-0","usuario42",42
"1364483-7","usuario43",43
"3884683-3","usuario44",44
"21581265-0","usuario45",45
"13145076-1","usuario46",46
"2755557-8","usuario47",47
"5911451-4","usuario48",48
"22262546-7","usuario49",49
"14998251-5","usuario50",50
"16154677-1","usuario51",51
"6840519-k","usuario52",52
"22190501-6","usuario53",53
"5413790-7","usuario54",54
"4365673-2","usuario55",55
"10442680-8","usuario56",56
"20633332-4","usuario57",57
"11819269-9","usuario58",58
"14652360-9","usuario59",59
"16133415-4","usuario60",60
"4858026-2","usuario61",61
"6540635-7","usuario62",62
"4409538-6","usuario63",63
"8309354-4","usuario64",64
"24048404-8","usuario65",65
"4670186-0","usuario66",66
"9536496-9","usuario67",67
"19761141-3","usuario68",68
"12890240-6","usuario69",69
"19843714-k","usuario70",70
"1530496-0","usuario71",71
"3967118-2","usuario72",72
"1626051-7","usuario73",73
"1894979-2","usuario74",74
"6851801-6","usuario75",75
"22207316-2","usuario76",76
"14040056-4","usuario77",77
"8607359-5","usuario78",78
"3118766-4","usuario79",79
"11302601-4","usuario80",80
"22605610-6","usuario81",81
"18273444-6","usuario82",82
"17143121-2","usuario83",83
"19796111-2","usuario84",84
"22687235-3","usuario85",85
"20508795-8","usuario86",86
"5238791-4","usuario87",87
"18320566-8","usuario88",88
"7328063-k","usuario89",89
"18891151-k","usuario90",90
"9453980-3","usuario91",91
"11186089-0","usuario92",92
"24431787-1","usuario93",93
"12863518-1","usuario94",94
"18495443-5","usuario95",95
"23480190-2","usuario96",96
"16533705-0","usuario97",97
"3031938-9","usuario98",98
"18241330-5","usuario99",99
"4423944-2","usuario100",100
